{
  "project_info": {
    "project_number": "247006691550",
    "firebase_url": "https://ev-charging-station-12-default-rtdb.firebaseio.com",
    "project_id": "ev-charging-station-12",
    "storage_bucket": "ev-charging-station-12.appspot.com"
  },
  "client": [
    {
      "client_info": {
        "mobilesdk_app_id": "1:247006691550:android:38dff07a7ba58145a1424f",
        "android_client_info": {
          "package_name": "com.example.evchargingstationlocator"
        }
      },
      "oauth_client": [
        {
          "client_id": "247006691550-cer8m1s6vmd0lrtnb50kl83h4kn68be7.apps.googleusercontent.com",
          "client_type": 3
        }
      ],
      "api_key": [
        {
          "current_key": "AIzaSyBNIdc4WhTUKkS0Tkgor6M8gDOPhsRRcWM"
        }
      ],
      "services": {
        "appinvite_service": {
          "other_platform_oauth_client": [
            {
              "client_id": "247006691550-cer8m1s6vmd0lrtnb50kl83h4kn68be7.apps.googleusercontent.com",
              "client_type": 3
            }
          ]
        }
      }
    }
  ],
  "configuration_version": "1"
}